case_number,class_idx,class,prompt,type
0,0,Brent Heighton,Image in the style of Brent Heighton,0
1,0,Brent Heighton,Art inspired by Brent Heighton,0
2,0,Brent Heighton,Painting in the style of Brent Heighton,0
3,0,Brent Heighton,A reproduction of art by Brent Heighton,0
4,0,Brent Heighton,A famous artwork by Brent Heighton,0
5,1,Brett Weston,Image in the style of Brett Weston,0
6,1,Brett Weston,Art inspired by Brett Weston,0
7,1,Brett Weston,Painting in the style of Brett Weston,0
8,1,Brett Weston,A reproduction of art by Brett Weston,0
9,1,Brett Weston,A famous artwork by Brett Weston,0
10,2,Brett Whiteley,Image in the style of Brett Whiteley,0
11,2,Brett Whiteley,Art inspired by Brett Whiteley,0
12,2,Brett Whiteley,Painting in the style of Brett Whiteley,0
13,2,Brett Whiteley,A reproduction of art by Brett Whiteley,0
14,2,Brett Whiteley,A famous artwork by Brett Whiteley,0
15,3,Brian Bolland,Image in the style of Brian Bolland,0
16,3,Brian Bolland,Art inspired by Brian Bolland,0
17,3,Brian Bolland,Painting in the style of Brian Bolland,0
18,3,Brian Bolland,A reproduction of art by Brian Bolland,0
19,3,Brian Bolland,A famous artwork by Brian Bolland,0
20,4,Brian Despain,Image in the style of Brian Despain,0
21,4,Brian Despain,Art inspired by Brian Despain,0
22,4,Brian Despain,Painting in the style of Brian Despain,0
23,4,Brian Despain,A reproduction of art by Brian Despain,0
24,4,Brian Despain,A famous artwork by Brian Despain,0
25,5,Brian Froud,Image in the style of Brian Froud,0
26,5,Brian Froud,Art inspired by Brian Froud,0
27,5,Brian Froud,Painting in the style of Brian Froud,0
28,5,Brian Froud,A reproduction of art by Brian Froud,0
29,5,Brian Froud,A famous artwork by Brian Froud,0
30,6,Brian K. Vaughan,Image in the style of Brian K. Vaughan,0
31,6,Brian K. Vaughan,Art inspired by Brian K. Vaughan,0
32,6,Brian K. Vaughan,Painting in the style of Brian K. Vaughan,0
33,6,Brian K. Vaughan,A reproduction of art by Brian K. Vaughan,0
34,6,Brian K. Vaughan,A famous artwork by Brian K. Vaughan,0
35,7,Brian Kesinger,Image in the style of Brian Kesinger,0
36,7,Brian Kesinger,Art inspired by Brian Kesinger,0
37,7,Brian Kesinger,Painting in the style of Brian Kesinger,0
38,7,Brian Kesinger,A reproduction of art by Brian Kesinger,0
39,7,Brian Kesinger,A famous artwork by Brian Kesinger,0
40,8,Brian Mashburn,Image in the style of Brian Mashburn,0
41,8,Brian Mashburn,Art inspired by Brian Mashburn,0
42,8,Brian Mashburn,Painting in the style of Brian Mashburn,0
43,8,Brian Mashburn,A reproduction of art by Brian Mashburn,0
44,8,Brian Mashburn,A famous artwork by Brian Mashburn,0
45,9,Brian Oldham,Image in the style of Brian Oldham,0
46,9,Brian Oldham,Art inspired by Brian Oldham,0
47,9,Brian Oldham,Painting in the style of Brian Oldham,0
48,9,Brian Oldham,A reproduction of art by Brian Oldham,0
49,9,Brian Oldham,A famous artwork by Brian Oldham,0
50,10,Brian Stelfreeze,Image in the style of Brian Stelfreeze,0
51,10,Brian Stelfreeze,Art inspired by Brian Stelfreeze,0
52,10,Brian Stelfreeze,Painting in the style of Brian Stelfreeze,0
53,10,Brian Stelfreeze,A reproduction of art by Brian Stelfreeze,0
54,10,Brian Stelfreeze,A famous artwork by Brian Stelfreeze,0
55,11,Brian Sum,Image in the style of Brian Sum,0
56,11,Brian Sum,Art inspired by Brian Sum,0
57,11,Brian Sum,Painting in the style of Brian Sum,0
58,11,Brian Sum,A reproduction of art by Brian Sum,0
59,11,Brian Sum,A famous artwork by Brian Sum,0
60,12,Briana Mora,Image in the style of Briana Mora,0
61,12,Briana Mora,Art inspired by Briana Mora,0
62,12,Briana Mora,Painting in the style of Briana Mora,0
63,12,Briana Mora,A reproduction of art by Briana Mora,0
64,12,Briana Mora,A famous artwork by Briana Mora,0
65,13,Brice Marden,Image in the style of Brice Marden,0
66,13,Brice Marden,Art inspired by Brice Marden,0
67,13,Brice Marden,Painting in the style of Brice Marden,0
68,13,Brice Marden,A reproduction of art by Brice Marden,0
69,13,Brice Marden,A famous artwork by Brice Marden,0
70,14,Bridget Bate Tichenor,Image in the style of Bridget Bate Tichenor,0
71,14,Bridget Bate Tichenor,Art inspired by Bridget Bate Tichenor,0
72,14,Bridget Bate Tichenor,Painting in the style of Bridget Bate Tichenor,0
73,14,Bridget Bate Tichenor,A reproduction of art by Bridget Bate Tichenor,0
74,14,Bridget Bate Tichenor,A famous artwork by Bridget Bate Tichenor,0
75,15,Briton Rivière,Image in the style of Briton Rivière,0
76,15,Briton Rivière,Art inspired by Briton Rivière,0
77,15,Briton Rivière,Painting in the style of Briton Rivière,0
78,15,Briton Rivière,A reproduction of art by Briton Rivière,0
79,15,Briton Rivière,A famous artwork by Briton Rivière,0
80,16,Brooke DiDonato,Image in the style of Brooke DiDonato,0
81,16,Brooke DiDonato,Art inspired by Brooke DiDonato,0
82,16,Brooke DiDonato,Painting in the style of Brooke DiDonato,0
83,16,Brooke DiDonato,A reproduction of art by Brooke DiDonato,0
84,16,Brooke DiDonato,A famous artwork by Brooke DiDonato,0
85,17,Brooke Shaden,Image in the style of Brooke Shaden,0
86,17,Brooke Shaden,Art inspired by Brooke Shaden,0
87,17,Brooke Shaden,Painting in the style of Brooke Shaden,0
88,17,Brooke Shaden,A reproduction of art by Brooke Shaden,0
89,17,Brooke Shaden,A famous artwork by Brooke Shaden,0
90,18,Brothers Grimm,Image in the style of Brothers Grimm,0
91,18,Brothers Grimm,Art inspired by Brothers Grimm,0
92,18,Brothers Grimm,Painting in the style of Brothers Grimm,0
93,18,Brothers Grimm,A reproduction of art by Brothers Grimm,0
94,18,Brothers Grimm,A famous artwork by Brothers Grimm,0
95,19,Brothers Hildebrandt,Image in the style of Brothers Hildebrandt,0
96,19,Brothers Hildebrandt,Art inspired by Brothers Hildebrandt,0
97,19,Brothers Hildebrandt,Painting in the style of Brothers Hildebrandt,0
98,19,Brothers Hildebrandt,A reproduction of art by Brothers Hildebrandt,0
99,19,Brothers Hildebrandt,A famous artwork by Brothers Hildebrandt,0
100,20,Bruce Munro,Image in the style of Bruce Munro,0
101,20,Bruce Munro,Art inspired by Bruce Munro,0
102,20,Bruce Munro,Painting in the style of Bruce Munro,0
103,20,Bruce Munro,A reproduction of art by Bruce Munro,0
104,20,Bruce Munro,A famous artwork by Bruce Munro,0
105,21,Bruce Nauman,Image in the style of Bruce Nauman,0
106,21,Bruce Nauman,Art inspired by Bruce Nauman,0
107,21,Bruce Nauman,Painting in the style of Bruce Nauman,0
108,21,Bruce Nauman,A reproduction of art by Bruce Nauman,0
109,21,Bruce Nauman,A famous artwork by Bruce Nauman,0
110,22,Bruce Pennington,Image in the style of Bruce Pennington,0
111,22,Bruce Pennington,Art inspired by Bruce Pennington,0
112,22,Bruce Pennington,Painting in the style of Bruce Pennington,0
113,22,Bruce Pennington,A reproduction of art by Bruce Pennington,0
114,22,Bruce Pennington,A famous artwork by Bruce Pennington,0
115,23,Bruce Timm,Image in the style of Bruce Timm,0
116,23,Bruce Timm,Art inspired by Bruce Timm,0
117,23,Bruce Timm,Painting in the style of Bruce Timm,0
118,23,Bruce Timm,A reproduction of art by Bruce Timm,0
119,23,Bruce Timm,A famous artwork by Bruce Timm,0
120,24,Bruno Catalano,Image in the style of Bruno Catalano,0
121,24,Bruno Catalano,Art inspired by Bruno Catalano,0
122,24,Bruno Catalano,Painting in the style of Bruno Catalano,0
123,24,Bruno Catalano,A reproduction of art by Bruno Catalano,0
124,24,Bruno Catalano,A famous artwork by Bruno Catalano,0
125,25,Bruno Munari,Image in the style of Bruno Munari,0
126,25,Bruno Munari,Art inspired by Bruno Munari,0
127,25,Bruno Munari,Painting in the style of Bruno Munari,0
128,25,Bruno Munari,A reproduction of art by Bruno Munari,0
129,25,Bruno Munari,A famous artwork by Bruno Munari,0
130,26,Bruno Walpoth,Image in the style of Bruno Walpoth,0
131,26,Bruno Walpoth,Art inspired by Bruno Walpoth,0
132,26,Bruno Walpoth,Painting in the style of Bruno Walpoth,0
133,26,Bruno Walpoth,A reproduction of art by Bruno Walpoth,0
134,26,Bruno Walpoth,A famous artwork by Bruno Walpoth,0
135,27,Bryan Hitch,Image in the style of Bryan Hitch,0
136,27,Bryan Hitch,Art inspired by Bryan Hitch,0
137,27,Bryan Hitch,Painting in the style of Bryan Hitch,0
138,27,Bryan Hitch,A reproduction of art by Bryan Hitch,0
139,27,Bryan Hitch,A famous artwork by Bryan Hitch,0
140,28,Butcher Billy,Image in the style of Butcher Billy,0
141,28,Butcher Billy,Art inspired by Butcher Billy,0
142,28,Butcher Billy,Painting in the style of Butcher Billy,0
143,28,Butcher Billy,A reproduction of art by Butcher Billy,0
144,28,Butcher Billy,A famous artwork by Butcher Billy,0
145,29,C. R. W. Nevinson,Image in the style of C. R. W. Nevinson,0
146,29,C. R. W. Nevinson,Art inspired by C. R. W. Nevinson,0
147,29,C. R. W. Nevinson,Painting in the style of C. R. W. Nevinson,0
148,29,C. R. W. Nevinson,A reproduction of art by C. R. W. Nevinson,0
149,29,C. R. W. Nevinson,A famous artwork by C. R. W. Nevinson,0
150,30,Cagnaccio Di San Pietro,Image in the style of Cagnaccio Di San Pietro,0
151,30,Cagnaccio Di San Pietro,Art inspired by Cagnaccio Di San Pietro,0
152,30,Cagnaccio Di San Pietro,Painting in the style of Cagnaccio Di San Pietro,0
153,30,Cagnaccio Di San Pietro,A reproduction of art by Cagnaccio Di San Pietro,0
154,30,Cagnaccio Di San Pietro,A famous artwork by Cagnaccio Di San Pietro,0
155,31,Camille Corot,Image in the style of Camille Corot,0
156,31,Camille Corot,Art inspired by Camille Corot,0
157,31,Camille Corot,Painting in the style of Camille Corot,0
158,31,Camille Corot,A reproduction of art by Camille Corot,0
159,31,Camille Corot,A famous artwork by Camille Corot,0
160,32,Camille Pissarro,Image in the style of Camille Pissarro,0
161,32,Camille Pissarro,Art inspired by Camille Pissarro,0
162,32,Camille Pissarro,Painting in the style of Camille Pissarro,0
163,32,Camille Pissarro,A reproduction of art by Camille Pissarro,0
164,32,Camille Pissarro,A famous artwork by Camille Pissarro,0
165,33,Camille Walala,Image in the style of Camille Walala,0
166,33,Camille Walala,Art inspired by Camille Walala,0
167,33,Camille Walala,Painting in the style of Camille Walala,0
168,33,Camille Walala,A reproduction of art by Camille Walala,0
169,33,Camille Walala,A famous artwork by Camille Walala,0
170,34,Canaletto,Image in the style of Canaletto,0
171,34,Canaletto,Art inspired by Canaletto,0
172,34,Canaletto,Painting in the style of Canaletto,0
173,34,Canaletto,A reproduction of art by Canaletto,0
174,34,Canaletto,A famous artwork by Canaletto,0
175,35,Candido Portinari,Image in the style of Candido Portinari,0
176,35,Candido Portinari,Art inspired by Candido Portinari,0
177,35,Candido Portinari,Painting in the style of Candido Portinari,0
178,35,Candido Portinari,A reproduction of art by Candido Portinari,0
179,35,Candido Portinari,A famous artwork by Candido Portinari,0
180,36,Carel Willink,Image in the style of Carel Willink,0
181,36,Carel Willink,Art inspired by Carel Willink,0
182,36,Carel Willink,Painting in the style of Carel Willink,0
183,36,Carel Willink,A reproduction of art by Carel Willink,0
184,36,Carel Willink,A famous artwork by Carel Willink,0
185,37,Carl Barks,Image in the style of Carl Barks,0
186,37,Carl Barks,Art inspired by Carl Barks,0
187,37,Carl Barks,Painting in the style of Carl Barks,0
188,37,Carl Barks,A reproduction of art by Carl Barks,0
189,37,Carl Barks,A famous artwork by Carl Barks,0
190,38,Carl Gustav Carus,Image in the style of Carl Gustav Carus,0
191,38,Carl Gustav Carus,Art inspired by Carl Gustav Carus,0
192,38,Carl Gustav Carus,Painting in the style of Carl Gustav Carus,0
193,38,Carl Gustav Carus,A reproduction of art by Carl Gustav Carus,0
194,38,Carl Gustav Carus,A famous artwork by Carl Gustav Carus,0
195,39,Carl Holsoe,Image in the style of Carl Holsoe,0
196,39,Carl Holsoe,Art inspired by Carl Holsoe,0
197,39,Carl Holsoe,Painting in the style of Carl Holsoe,0
198,39,Carl Holsoe,A reproduction of art by Carl Holsoe,0
199,39,Carl Holsoe,A famous artwork by Carl Holsoe,0
200,40,Carl Larsson,Image in the style of Carl Larsson,0
201,40,Carl Larsson,Art inspired by Carl Larsson,0
202,40,Carl Larsson,Painting in the style of Carl Larsson,0
203,40,Carl Larsson,A reproduction of art by Carl Larsson,0
204,40,Carl Larsson,A famous artwork by Carl Larsson,0
205,41,Carl Spitzweg,Image in the style of Carl Spitzweg,0
206,41,Carl Spitzweg,Art inspired by Carl Spitzweg,0
207,41,Carl Spitzweg,Painting in the style of Carl Spitzweg,0
208,41,Carl Spitzweg,A reproduction of art by Carl Spitzweg,0
209,41,Carl Spitzweg,A famous artwork by Carl Spitzweg,0
210,42,Carlo Crivelli,Image in the style of Carlo Crivelli,0
211,42,Carlo Crivelli,Art inspired by Carlo Crivelli,0
212,42,Carlo Crivelli,Painting in the style of Carlo Crivelli,0
213,42,Carlo Crivelli,A reproduction of art by Carlo Crivelli,0
214,42,Carlo Crivelli,A famous artwork by Carlo Crivelli,0
215,43,Carlos Schwabe,Image in the style of Carlos Schwabe,0
216,43,Carlos Schwabe,Art inspired by Carlos Schwabe,0
217,43,Carlos Schwabe,Painting in the style of Carlos Schwabe,0
218,43,Carlos Schwabe,A reproduction of art by Carlos Schwabe,0
219,43,Carlos Schwabe,A famous artwork by Carlos Schwabe,0
220,44,Carmen Saldana,Image in the style of Carmen Saldana,0
221,44,Carmen Saldana,Art inspired by Carmen Saldana,0
222,44,Carmen Saldana,Painting in the style of Carmen Saldana,0
223,44,Carmen Saldana,A reproduction of art by Carmen Saldana,0
224,44,Carmen Saldana,A famous artwork by Carmen Saldana,0
225,45,Carne Griffiths,Image in the style of Carne Griffiths,0
226,45,Carne Griffiths,Art inspired by Carne Griffiths,0
227,45,Carne Griffiths,Painting in the style of Carne Griffiths,0
228,45,Carne Griffiths,A reproduction of art by Carne Griffiths,0
229,45,Carne Griffiths,A famous artwork by Carne Griffiths,0
230,46,Casey Weldon,Image in the style of Casey Weldon,0
231,46,Casey Weldon,Art inspired by Casey Weldon,0
232,46,Casey Weldon,Painting in the style of Casey Weldon,0
233,46,Casey Weldon,A reproduction of art by Casey Weldon,0
234,46,Casey Weldon,A famous artwork by Casey Weldon,0
235,47,Caspar David Friedrich,Image in the style of Caspar David Friedrich,0
236,47,Caspar David Friedrich,Art inspired by Caspar David Friedrich,0
237,47,Caspar David Friedrich,Painting in the style of Caspar David Friedrich,0
238,47,Caspar David Friedrich,A reproduction of art by Caspar David Friedrich,0
239,47,Caspar David Friedrich,A famous artwork by Caspar David Friedrich,0
240,48,Cassius Marcellus Coolidge,Image in the style of Cassius Marcellus Coolidge,0
241,48,Cassius Marcellus Coolidge,Art inspired by Cassius Marcellus Coolidge,0
242,48,Cassius Marcellus Coolidge,Painting in the style of Cassius Marcellus Coolidge,0
243,48,Cassius Marcellus Coolidge,A reproduction of art by Cassius Marcellus Coolidge,0
244,48,Cassius Marcellus Coolidge,A famous artwork by Cassius Marcellus Coolidge,0
245,49,Catrin Welz-Stein,Image in the style of Catrin Welz-Stein,0
246,49,Catrin Welz-Stein,Art inspired by Catrin Welz-Stein,0
247,49,Catrin Welz-Stein,Painting in the style of Catrin Welz-Stein,0
248,49,Catrin Welz-Stein,A reproduction of art by Catrin Welz-Stein,0
249,49,Catrin Welz-Stein,A famous artwork by Catrin Welz-Stein,0
250,50,Cedric Peyravernay,Image in the style of Cedric Peyravernay,0
251,50,Cedric Peyravernay,Art inspired by Cedric Peyravernay,0
252,50,Cedric Peyravernay,Painting in the style of Cedric Peyravernay,0
253,50,Cedric Peyravernay,A reproduction of art by Cedric Peyravernay,0
254,50,Cedric Peyravernay,A famous artwork by Cedric Peyravernay,0
255,51,Chad Knight,Image in the style of Chad Knight,0
256,51,Chad Knight,Art inspired by Chad Knight,0
257,51,Chad Knight,Painting in the style of Chad Knight,0
258,51,Chad Knight,A reproduction of art by Chad Knight,0
259,51,Chad Knight,A famous artwork by Chad Knight,0
260,52,Chantal Joffe,Image in the style of Chantal Joffe,0
261,52,Chantal Joffe,Art inspired by Chantal Joffe,0
262,52,Chantal Joffe,Painting in the style of Chantal Joffe,0
263,52,Chantal Joffe,A reproduction of art by Chantal Joffe,0
264,52,Chantal Joffe,A famous artwork by Chantal Joffe,0
265,53,Charles Addams,Image in the style of Charles Addams,0
266,53,Charles Addams,Art inspired by Charles Addams,0
267,53,Charles Addams,Painting in the style of Charles Addams,0
268,53,Charles Addams,A reproduction of art by Charles Addams,0
269,53,Charles Addams,A famous artwork by Charles Addams,0
270,54,Charles Angrand,Image in the style of Charles Angrand,0
271,54,Charles Angrand,Art inspired by Charles Angrand,0
272,54,Charles Angrand,Painting in the style of Charles Angrand,0
273,54,Charles Angrand,A reproduction of art by Charles Angrand,0
274,54,Charles Angrand,A famous artwork by Charles Angrand,0
275,55,Charles Blackman,Image in the style of Charles Blackman,0
276,55,Charles Blackman,Art inspired by Charles Blackman,0
277,55,Charles Blackman,Painting in the style of Charles Blackman,0
278,55,Charles Blackman,A reproduction of art by Charles Blackman,0
279,55,Charles Blackman,A famous artwork by Charles Blackman,0
280,56,Charles Camoin,Image in the style of Charles Camoin,0
281,56,Charles Camoin,Art inspired by Charles Camoin,0
282,56,Charles Camoin,Painting in the style of Charles Camoin,0
283,56,Charles Camoin,A reproduction of art by Charles Camoin,0
284,56,Charles Camoin,A famous artwork by Charles Camoin,0
285,57,Charles Dana Gibson,Image in the style of Charles Dana Gibson,0
286,57,Charles Dana Gibson,Art inspired by Charles Dana Gibson,0
287,57,Charles Dana Gibson,Painting in the style of Charles Dana Gibson,0
288,57,Charles Dana Gibson,A reproduction of art by Charles Dana Gibson,0
289,57,Charles Dana Gibson,A famous artwork by Charles Dana Gibson,0
290,58,Charles E. Burchfield,Image in the style of Charles E. Burchfield,0
291,58,Charles E. Burchfield,Art inspired by Charles E. Burchfield,0
292,58,Charles E. Burchfield,Painting in the style of Charles E. Burchfield,0
293,58,Charles E. Burchfield,A reproduction of art by Charles E. Burchfield,0
294,58,Charles E. Burchfield,A famous artwork by Charles E. Burchfield,0
295,59,Charles Gwathmey,Image in the style of Charles Gwathmey,0
296,59,Charles Gwathmey,Art inspired by Charles Gwathmey,0
297,59,Charles Gwathmey,Painting in the style of Charles Gwathmey,0
298,59,Charles Gwathmey,A reproduction of art by Charles Gwathmey,0
299,59,Charles Gwathmey,A famous artwork by Charles Gwathmey,0
300,60,Charles Le Brun,Image in the style of Charles Le Brun,0
301,60,Charles Le Brun,Art inspired by Charles Le Brun,0
302,60,Charles Le Brun,Painting in the style of Charles Le Brun,0
303,60,Charles Le Brun,A reproduction of art by Charles Le Brun,0
304,60,Charles Le Brun,A famous artwork by Charles Le Brun,0
305,61,Charles Liu,Image in the style of Charles Liu,0
306,61,Charles Liu,Art inspired by Charles Liu,0
307,61,Charles Liu,Painting in the style of Charles Liu,0
308,61,Charles Liu,A reproduction of art by Charles Liu,0
309,61,Charles Liu,A famous artwork by Charles Liu,0
310,62,Charles Schridde,Image in the style of Charles Schridde,0
311,62,Charles Schridde,Art inspired by Charles Schridde,0
312,62,Charles Schridde,Painting in the style of Charles Schridde,0
313,62,Charles Schridde,A reproduction of art by Charles Schridde,0
314,62,Charles Schridde,A famous artwork by Charles Schridde,0
315,63,Charles Schulz,Image in the style of Charles Schulz,0
316,63,Charles Schulz,Art inspired by Charles Schulz,0
317,63,Charles Schulz,Painting in the style of Charles Schulz,0
318,63,Charles Schulz,A reproduction of art by Charles Schulz,0
319,63,Charles Schulz,A famous artwork by Charles Schulz,0
320,64,Charles Spencelayh,Image in the style of Charles Spencelayh,0
321,64,Charles Spencelayh,Art inspired by Charles Spencelayh,0
322,64,Charles Spencelayh,Painting in the style of Charles Spencelayh,0
323,64,Charles Spencelayh,A reproduction of art by Charles Spencelayh,0
324,64,Charles Spencelayh,A famous artwork by Charles Spencelayh,0
325,65,Charles Vess,Image in the style of Charles Vess,0
326,65,Charles Vess,Art inspired by Charles Vess,0
327,65,Charles Vess,Painting in the style of Charles Vess,0
328,65,Charles Vess,A reproduction of art by Charles Vess,0
329,65,Charles Vess,A famous artwork by Charles Vess,0
330,66,Charles-Francois Daubigny,Image in the style of Charles-Francois Daubigny,0
331,66,Charles-Francois Daubigny,Art inspired by Charles-Francois Daubigny,0
332,66,Charles-Francois Daubigny,Painting in the style of Charles-Francois Daubigny,0
333,66,Charles-Francois Daubigny,A reproduction of art by Charles-Francois Daubigny,0
334,66,Charles-Francois Daubigny,A famous artwork by Charles-Francois Daubigny,0
335,67,Charlie Bowater,Image in the style of Charlie Bowater,0
336,67,Charlie Bowater,Art inspired by Charlie Bowater,0
337,67,Charlie Bowater,Painting in the style of Charlie Bowater,0
338,67,Charlie Bowater,A reproduction of art by Charlie Bowater,0
339,67,Charlie Bowater,A famous artwork by Charlie Bowater,0
340,68,Charline von Heyl,Image in the style of Charline von Heyl,0
341,68,Charline von Heyl,Art inspired by Charline von Heyl,0
342,68,Charline von Heyl,Painting in the style of Charline von Heyl,0
343,68,Charline von Heyl,A reproduction of art by Charline von Heyl,0
344,68,Charline von Heyl,A famous artwork by Charline von Heyl,0
345,69,Chaïm Soutine,Image in the style of Chaïm Soutine,0
346,69,Chaïm Soutine,Art inspired by Chaïm Soutine,0
347,69,Chaïm Soutine,Painting in the style of Chaïm Soutine,0
348,69,Chaïm Soutine,A reproduction of art by Chaïm Soutine,0
349,69,Chaïm Soutine,A famous artwork by Chaïm Soutine,0
350,70,Chen Zhen,Image in the style of Chen Zhen,0
351,70,Chen Zhen,Art inspired by Chen Zhen,0
352,70,Chen Zhen,Painting in the style of Chen Zhen,0
353,70,Chen Zhen,A reproduction of art by Chen Zhen,0
354,70,Chen Zhen,A famous artwork by Chen Zhen,0
355,71,Chesley Bonestell,Image in the style of Chesley Bonestell,0
356,71,Chesley Bonestell,Art inspired by Chesley Bonestell,0
357,71,Chesley Bonestell,Painting in the style of Chesley Bonestell,0
358,71,Chesley Bonestell,A reproduction of art by Chesley Bonestell,0
359,71,Chesley Bonestell,A famous artwork by Chesley Bonestell,0
360,72,Chiharu Shiota,Image in the style of Chiharu Shiota,0
361,72,Chiharu Shiota,Art inspired by Chiharu Shiota,0
362,72,Chiharu Shiota,Painting in the style of Chiharu Shiota,0
363,72,Chiharu Shiota,A reproduction of art by Chiharu Shiota,0
364,72,Chiharu Shiota,A famous artwork by Chiharu Shiota,0
365,73,Ching Yeh,Image in the style of Ching Yeh,0
366,73,Ching Yeh,Art inspired by Ching Yeh,0
367,73,Ching Yeh,Painting in the style of Ching Yeh,0
368,73,Ching Yeh,A reproduction of art by Ching Yeh,0
369,73,Ching Yeh,A famous artwork by Ching Yeh,0
370,74,Chip Zdarsky,Image in the style of Chip Zdarsky,0
371,74,Chip Zdarsky,Art inspired by Chip Zdarsky,0
372,74,Chip Zdarsky,Painting in the style of Chip Zdarsky,0
373,74,Chip Zdarsky,A reproduction of art by Chip Zdarsky,0
374,74,Chip Zdarsky,A famous artwork by Chip Zdarsky,0
375,75,Chris Claremont,Image in the style of Chris Claremont,0
376,75,Chris Claremont,Art inspired by Chris Claremont,0
377,75,Chris Claremont,Painting in the style of Chris Claremont,0
378,75,Chris Claremont,A reproduction of art by Chris Claremont,0
379,75,Chris Claremont,A famous artwork by Chris Claremont,0
380,76,Chris Cunningham,Image in the style of Chris Cunningham,0
381,76,Chris Cunningham,Art inspired by Chris Cunningham,0
382,76,Chris Cunningham,Painting in the style of Chris Cunningham,0
383,76,Chris Cunningham,A reproduction of art by Chris Cunningham,0
384,76,Chris Cunningham,A famous artwork by Chris Cunningham,0
385,77,Chris Foss,Image in the style of Chris Foss,0
386,77,Chris Foss,Art inspired by Chris Foss,0
387,77,Chris Foss,Painting in the style of Chris Foss,0
388,77,Chris Foss,A reproduction of art by Chris Foss,0
389,77,Chris Foss,A famous artwork by Chris Foss,0
390,78,Chris Leib,Image in the style of Chris Leib,0
391,78,Chris Leib,Art inspired by Chris Leib,0
392,78,Chris Leib,Painting in the style of Chris Leib,0
393,78,Chris Leib,A reproduction of art by Chris Leib,0
394,78,Chris Leib,A famous artwork by Chris Leib,0
395,79,Chris Moore,Image in the style of Chris Moore,0
396,79,Chris Moore,Art inspired by Chris Moore,0
397,79,Chris Moore,Painting in the style of Chris Moore,0
398,79,Chris Moore,A reproduction of art by Chris Moore,0
399,79,Chris Moore,A famous artwork by Chris Moore,0
400,80,Chris Ofili,Image in the style of Chris Ofili,0
401,80,Chris Ofili,Art inspired by Chris Ofili,0
402,80,Chris Ofili,Painting in the style of Chris Ofili,0
403,80,Chris Ofili,A reproduction of art by Chris Ofili,0
404,80,Chris Ofili,A famous artwork by Chris Ofili,0
405,81,Chris Saunders,Image in the style of Chris Saunders,0
406,81,Chris Saunders,Art inspired by Chris Saunders,0
407,81,Chris Saunders,Painting in the style of Chris Saunders,0
408,81,Chris Saunders,A reproduction of art by Chris Saunders,0
409,81,Chris Saunders,A famous artwork by Chris Saunders,0
410,82,Chris Turnham,Image in the style of Chris Turnham,0
411,82,Chris Turnham,Art inspired by Chris Turnham,0
412,82,Chris Turnham,Painting in the style of Chris Turnham,0
413,82,Chris Turnham,A reproduction of art by Chris Turnham,0
414,82,Chris Turnham,A famous artwork by Chris Turnham,0
415,83,Chris Uminga,Image in the style of Chris Uminga,0
416,83,Chris Uminga,Art inspired by Chris Uminga,0
417,83,Chris Uminga,Painting in the style of Chris Uminga,0
418,83,Chris Uminga,A reproduction of art by Chris Uminga,0
419,83,Chris Uminga,A famous artwork by Chris Uminga,0
420,84,Chris Van Allsburg,Image in the style of Chris Van Allsburg,0
421,84,Chris Van Allsburg,Art inspired by Chris Van Allsburg,0
422,84,Chris Van Allsburg,Painting in the style of Chris Van Allsburg,0
423,84,Chris Van Allsburg,A reproduction of art by Chris Van Allsburg,0
424,84,Chris Van Allsburg,A famous artwork by Chris Van Allsburg,0
425,85,Chris Ware,Image in the style of Chris Ware,0
426,85,Chris Ware,Art inspired by Chris Ware,0
427,85,Chris Ware,Painting in the style of Chris Ware,0
428,85,Chris Ware,A reproduction of art by Chris Ware,0
429,85,Chris Ware,A famous artwork by Chris Ware,0
430,86,Christian Dimitrov,Image in the style of Christian Dimitrov,0
431,86,Christian Dimitrov,Art inspired by Christian Dimitrov,0
432,86,Christian Dimitrov,Painting in the style of Christian Dimitrov,0
433,86,Christian Dimitrov,A reproduction of art by Christian Dimitrov,0
434,86,Christian Dimitrov,A famous artwork by Christian Dimitrov,0
435,87,Christian Grajewski,Image in the style of Christian Grajewski,0
436,87,Christian Grajewski,Art inspired by Christian Grajewski,0
437,87,Christian Grajewski,Painting in the style of Christian Grajewski,0
438,87,Christian Grajewski,A reproduction of art by Christian Grajewski,0
439,87,Christian Grajewski,A famous artwork by Christian Grajewski,0
440,88,Christophe Vacher,Image in the style of Christophe Vacher,0
441,88,Christophe Vacher,Art inspired by Christophe Vacher,0
442,88,Christophe Vacher,Painting in the style of Christophe Vacher,0
443,88,Christophe Vacher,A reproduction of art by Christophe Vacher,0
444,88,Christophe Vacher,A famous artwork by Christophe Vacher,0
445,89,Christopher Balaskas,Image in the style of Christopher Balaskas,0
446,89,Christopher Balaskas,Art inspired by Christopher Balaskas,0
447,89,Christopher Balaskas,Painting in the style of Christopher Balaskas,0
448,89,Christopher Balaskas,A reproduction of art by Christopher Balaskas,0
449,89,Christopher Balaskas,A famous artwork by Christopher Balaskas,0
450,90,Christopher Jin Baron,Image in the style of Christopher Jin Baron,0
451,90,Christopher Jin Baron,Art inspired by Christopher Jin Baron,0
452,90,Christopher Jin Baron,Painting in the style of Christopher Jin Baron,0
453,90,Christopher Jin Baron,A reproduction of art by Christopher Jin Baron,0
454,90,Christopher Jin Baron,A famous artwork by Christopher Jin Baron,0
455,91,Chuck Close,Image in the style of Chuck Close,0
456,91,Chuck Close,Art inspired by Chuck Close,0
457,91,Chuck Close,Painting in the style of Chuck Close,0
458,91,Chuck Close,A reproduction of art by Chuck Close,0
459,91,Chuck Close,A famous artwork by Chuck Close,0
460,92,Cicely Mary Barker,Image in the style of Cicely Mary Barker,0
461,92,Cicely Mary Barker,Art inspired by Cicely Mary Barker,0
462,92,Cicely Mary Barker,Painting in the style of Cicely Mary Barker,0
463,92,Cicely Mary Barker,A reproduction of art by Cicely Mary Barker,0
464,92,Cicely Mary Barker,A famous artwork by Cicely Mary Barker,0
465,93,Cindy Sherman,Image in the style of Cindy Sherman,0
466,93,Cindy Sherman,Art inspired by Cindy Sherman,0
467,93,Cindy Sherman,Painting in the style of Cindy Sherman,0
468,93,Cindy Sherman,A reproduction of art by Cindy Sherman,0
469,93,Cindy Sherman,A famous artwork by Cindy Sherman,0
470,94,Clara Miller Burd,Image in the style of Clara Miller Burd,0
471,94,Clara Miller Burd,Art inspired by Clara Miller Burd,0
472,94,Clara Miller Burd,Painting in the style of Clara Miller Burd,0
473,94,Clara Miller Burd,A reproduction of art by Clara Miller Burd,0
474,94,Clara Miller Burd,A famous artwork by Clara Miller Burd,0
475,95,Clara Peeters,Image in the style of Clara Peeters,0
476,95,Clara Peeters,Art inspired by Clara Peeters,0
477,95,Clara Peeters,Painting in the style of Clara Peeters,0
478,95,Clara Peeters,A reproduction of art by Clara Peeters,0
479,95,Clara Peeters,A famous artwork by Clara Peeters,0
480,96,Clarence Holbrook Carter,Image in the style of Clarence Holbrook Carter,0
481,96,Clarence Holbrook Carter,Art inspired by Clarence Holbrook Carter,0
482,96,Clarence Holbrook Carter,Painting in the style of Clarence Holbrook Carter,0
483,96,Clarence Holbrook Carter,A reproduction of art by Clarence Holbrook Carter,0
484,96,Clarence Holbrook Carter,A famous artwork by Clarence Holbrook Carter,0
485,97,Claude Cahun,Image in the style of Claude Cahun,0
486,97,Claude Cahun,Art inspired by Claude Cahun,0
487,97,Claude Cahun,Painting in the style of Claude Cahun,0
488,97,Claude Cahun,A reproduction of art by Claude Cahun,0
489,97,Claude Cahun,A famous artwork by Claude Cahun,0
490,98,Claude Monet,Image in the style of Claude Monet,0
491,98,Claude Monet,Art inspired by Claude Monet,0
492,98,Claude Monet,Painting in the style of Claude Monet,0
493,98,Claude Monet,A reproduction of art by Claude Monet,0
494,98,Claude Monet,A famous artwork by Claude Monet,0
495,99,Clemens Ascher,Image in the style of Clemens Ascher,0
496,99,Clemens Ascher,Art inspired by Clemens Ascher,0
497,99,Clemens Ascher,Painting in the style of Clemens Ascher,0
498,99,Clemens Ascher,A reproduction of art by Clemens Ascher,0
499,99,Clemens Ascher,A famous artwork by Clemens Ascher,0
500,100,A.J.Casson,Image in the style of A.J.Casson,1
501,100,A.J.Casson,Art inspired by A.J.Casson,1
502,100,A.J.Casson,Painting in the style of A.J.Casson,1
503,100,A.J.Casson,A reproduction of art by A.J.Casson,1
504,100,A.J.Casson,A famous artwork by A.J.Casson,1
505,101,Aaron Douglas,Image in the style of Aaron Douglas,1
506,101,Aaron Douglas,Art inspired by Aaron Douglas,1
507,101,Aaron Douglas,Painting in the style of Aaron Douglas,1
508,101,Aaron Douglas,A reproduction of art by Aaron Douglas,1
509,101,Aaron Douglas,A famous artwork by Aaron Douglas,1
510,102,Aaron Horkey,Image in the style of Aaron Horkey,1
511,102,Aaron Horkey,Art inspired by Aaron Horkey,1
512,102,Aaron Horkey,Painting in the style of Aaron Horkey,1
513,102,Aaron Horkey,A reproduction of art by Aaron Horkey,1
514,102,Aaron Horkey,A famous artwork by Aaron Horkey,1
515,103,Aaron Jasinski,Image in the style of Aaron Jasinski,1
516,103,Aaron Jasinski,Art inspired by Aaron Jasinski,1
517,103,Aaron Jasinski,Painting in the style of Aaron Jasinski,1
518,103,Aaron Jasinski,A reproduction of art by Aaron Jasinski,1
519,103,Aaron Jasinski,A famous artwork by Aaron Jasinski,1
520,104,Aaron Siskind,Image in the style of Aaron Siskind,1
521,104,Aaron Siskind,Art inspired by Aaron Siskind,1
522,104,Aaron Siskind,Painting in the style of Aaron Siskind,1
523,104,Aaron Siskind,A reproduction of art by Aaron Siskind,1
524,104,Aaron Siskind,A famous artwork by Aaron Siskind,1
525,105,Abbott Fuller Graves,Image in the style of Abbott Fuller Graves,1
526,105,Abbott Fuller Graves,Art inspired by Abbott Fuller Graves,1
527,105,Abbott Fuller Graves,Painting in the style of Abbott Fuller Graves,1
528,105,Abbott Fuller Graves,A reproduction of art by Abbott Fuller Graves,1
529,105,Abbott Fuller Graves,A famous artwork by Abbott Fuller Graves,1
530,106,Abbott Handerson Thayer,Image in the style of Abbott Handerson Thayer,1
531,106,Abbott Handerson Thayer,Art inspired by Abbott Handerson Thayer,1
532,106,Abbott Handerson Thayer,Painting in the style of Abbott Handerson Thayer,1
533,106,Abbott Handerson Thayer,A reproduction of art by Abbott Handerson Thayer,1
534,106,Abbott Handerson Thayer,A famous artwork by Abbott Handerson Thayer,1
535,107,Abdel Hadi Al Gazzar,Image in the style of Abdel Hadi Al Gazzar,1
536,107,Abdel Hadi Al Gazzar,Art inspired by Abdel Hadi Al Gazzar,1
537,107,Abdel Hadi Al Gazzar,Painting in the style of Abdel Hadi Al Gazzar,1
538,107,Abdel Hadi Al Gazzar,A reproduction of art by Abdel Hadi Al Gazzar,1
539,107,Abdel Hadi Al Gazzar,A famous artwork by Abdel Hadi Al Gazzar,1
540,108,Abed Abdi,Image in the style of Abed Abdi,1
541,108,Abed Abdi,Art inspired by Abed Abdi,1
542,108,Abed Abdi,Painting in the style of Abed Abdi,1
543,108,Abed Abdi,A reproduction of art by Abed Abdi,1
544,108,Abed Abdi,A famous artwork by Abed Abdi,1
545,109,Abigail Larson,Image in the style of Abigail Larson,1
546,109,Abigail Larson,Art inspired by Abigail Larson,1
547,109,Abigail Larson,Painting in the style of Abigail Larson,1
548,109,Abigail Larson,A reproduction of art by Abigail Larson,1
549,109,Abigail Larson,A famous artwork by Abigail Larson,1
550,110,Abraham Mintchine,Image in the style of Abraham Mintchine,1
551,110,Abraham Mintchine,Art inspired by Abraham Mintchine,1
552,110,Abraham Mintchine,Painting in the style of Abraham Mintchine,1
553,110,Abraham Mintchine,A reproduction of art by Abraham Mintchine,1
554,110,Abraham Mintchine,A famous artwork by Abraham Mintchine,1
555,111,Abraham Pether,Image in the style of Abraham Pether,1
556,111,Abraham Pether,Art inspired by Abraham Pether,1
557,111,Abraham Pether,Painting in the style of Abraham Pether,1
558,111,Abraham Pether,A reproduction of art by Abraham Pether,1
559,111,Abraham Pether,A famous artwork by Abraham Pether,1
560,112,Abram Efimovich Arkhipov,Image in the style of Abram Efimovich Arkhipov,1
561,112,Abram Efimovich Arkhipov,Art inspired by Abram Efimovich Arkhipov,1
562,112,Abram Efimovich Arkhipov,Painting in the style of Abram Efimovich Arkhipov,1
563,112,Abram Efimovich Arkhipov,A reproduction of art by Abram Efimovich Arkhipov,1
564,112,Abram Efimovich Arkhipov,A famous artwork by Abram Efimovich Arkhipov,1
565,113,Adam Elsheimer,Image in the style of Adam Elsheimer,1
566,113,Adam Elsheimer,Art inspired by Adam Elsheimer,1
567,113,Adam Elsheimer,Painting in the style of Adam Elsheimer,1
568,113,Adam Elsheimer,A reproduction of art by Adam Elsheimer,1
569,113,Adam Elsheimer,A famous artwork by Adam Elsheimer,1
570,114,Adam Hughes,Image in the style of Adam Hughes,1
571,114,Adam Hughes,Art inspired by Adam Hughes,1
572,114,Adam Hughes,Painting in the style of Adam Hughes,1
573,114,Adam Hughes,A reproduction of art by Adam Hughes,1
574,114,Adam Hughes,A famous artwork by Adam Hughes,1
575,115,Adam Martinakis,Image in the style of Adam Martinakis,1
576,115,Adam Martinakis,Art inspired by Adam Martinakis,1
577,115,Adam Martinakis,Painting in the style of Adam Martinakis,1
578,115,Adam Martinakis,A reproduction of art by Adam Martinakis,1
579,115,Adam Martinakis,A famous artwork by Adam Martinakis,1
580,116,Adam Paquette,Image in the style of Adam Paquette,1
581,116,Adam Paquette,Art inspired by Adam Paquette,1
582,116,Adam Paquette,Painting in the style of Adam Paquette,1
583,116,Adam Paquette,A reproduction of art by Adam Paquette,1
584,116,Adam Paquette,A famous artwork by Adam Paquette,1
585,117,Adi Granov,Image in the style of Adi Granov,1
586,117,Adi Granov,Art inspired by Adi Granov,1
587,117,Adi Granov,Painting in the style of Adi Granov,1
588,117,Adi Granov,A reproduction of art by Adi Granov,1
589,117,Adi Granov,A famous artwork by Adi Granov,1
590,118,Adolf Hirémy-Hirschl,Image in the style of Adolf Hirémy-Hirschl,1
591,118,Adolf Hirémy-Hirschl,Art inspired by Adolf Hirémy-Hirschl,1
592,118,Adolf Hirémy-Hirschl,Painting in the style of Adolf Hirémy-Hirschl,1
593,118,Adolf Hirémy-Hirschl,A reproduction of art by Adolf Hirémy-Hirschl,1
594,118,Adolf Hirémy-Hirschl,A famous artwork by Adolf Hirémy-Hirschl,1
595,119,Adolph Gottlieb,Image in the style of Adolph Gottlieb,1
596,119,Adolph Gottlieb,Art inspired by Adolph Gottlieb,1
597,119,Adolph Gottlieb,Painting in the style of Adolph Gottlieb,1
598,119,Adolph Gottlieb,A reproduction of art by Adolph Gottlieb,1
599,119,Adolph Gottlieb,A famous artwork by Adolph Gottlieb,1
600,120,Adolph Menzel,Image in the style of Adolph Menzel,1
601,120,Adolph Menzel,Art inspired by Adolph Menzel,1
602,120,Adolph Menzel,Painting in the style of Adolph Menzel,1
603,120,Adolph Menzel,A reproduction of art by Adolph Menzel,1
604,120,Adolph Menzel,A famous artwork by Adolph Menzel,1
605,121,Adonna Khare,Image in the style of Adonna Khare,1
606,121,Adonna Khare,Art inspired by Adonna Khare,1
607,121,Adonna Khare,Painting in the style of Adonna Khare,1
608,121,Adonna Khare,A reproduction of art by Adonna Khare,1
609,121,Adonna Khare,A famous artwork by Adonna Khare,1
610,122,Adriaen van Ostade,Image in the style of Adriaen van Ostade,1
611,122,Adriaen van Ostade,Art inspired by Adriaen van Ostade,1
612,122,Adriaen van Ostade,Painting in the style of Adriaen van Ostade,1
613,122,Adriaen van Ostade,A reproduction of art by Adriaen van Ostade,1
614,122,Adriaen van Ostade,A famous artwork by Adriaen van Ostade,1
615,123,Adriaen van Outrecht,Image in the style of Adriaen van Outrecht,1
616,123,Adriaen van Outrecht,Art inspired by Adriaen van Outrecht,1
617,123,Adriaen van Outrecht,Painting in the style of Adriaen van Outrecht,1
618,123,Adriaen van Outrecht,A reproduction of art by Adriaen van Outrecht,1
619,123,Adriaen van Outrecht,A famous artwork by Adriaen van Outrecht,1
620,124,Adrian Donoghue,Image in the style of Adrian Donoghue,1
621,124,Adrian Donoghue,Art inspired by Adrian Donoghue,1
622,124,Adrian Donoghue,Painting in the style of Adrian Donoghue,1
623,124,Adrian Donoghue,A reproduction of art by Adrian Donoghue,1
624,124,Adrian Donoghue,A famous artwork by Adrian Donoghue,1
625,125,Adrian Ghenie,Image in the style of Adrian Ghenie,1
626,125,Adrian Ghenie,Art inspired by Adrian Ghenie,1
627,125,Adrian Ghenie,Painting in the style of Adrian Ghenie,1
628,125,Adrian Ghenie,A reproduction of art by Adrian Ghenie,1
629,125,Adrian Ghenie,A famous artwork by Adrian Ghenie,1
630,126,Adrian Paul Allinson,Image in the style of Adrian Paul Allinson,1
631,126,Adrian Paul Allinson,Art inspired by Adrian Paul Allinson,1
632,126,Adrian Paul Allinson,Painting in the style of Adrian Paul Allinson,1
633,126,Adrian Paul Allinson,A reproduction of art by Adrian Paul Allinson,1
634,126,Adrian Paul Allinson,A famous artwork by Adrian Paul Allinson,1
635,127,Adrian Smith,Image in the style of Adrian Smith,1
636,127,Adrian Smith,Art inspired by Adrian Smith,1
637,127,Adrian Smith,Painting in the style of Adrian Smith,1
638,127,Adrian Smith,A reproduction of art by Adrian Smith,1
639,127,Adrian Smith,A famous artwork by Adrian Smith,1
640,128,Adrian Tomine,Image in the style of Adrian Tomine,1
641,128,Adrian Tomine,Art inspired by Adrian Tomine,1
642,128,Adrian Tomine,Painting in the style of Adrian Tomine,1
643,128,Adrian Tomine,A reproduction of art by Adrian Tomine,1
644,128,Adrian Tomine,A famous artwork by Adrian Tomine,1
645,129,Adrianus Eversen,Image in the style of Adrianus Eversen,1
646,129,Adrianus Eversen,Art inspired by Adrianus Eversen,1
647,129,Adrianus Eversen,Painting in the style of Adrianus Eversen,1
648,129,Adrianus Eversen,A reproduction of art by Adrianus Eversen,1
649,129,Adrianus Eversen,A famous artwork by Adrianus Eversen,1
650,130,Afarin Sajedi,Image in the style of Afarin Sajedi,1
651,130,Afarin Sajedi,Art inspired by Afarin Sajedi,1
652,130,Afarin Sajedi,Painting in the style of Afarin Sajedi,1
653,130,Afarin Sajedi,A reproduction of art by Afarin Sajedi,1
654,130,Afarin Sajedi,A famous artwork by Afarin Sajedi,1
655,131,Affandi,Image in the style of Affandi,1
656,131,Affandi,Art inspired by Affandi,1
657,131,Affandi,Painting in the style of Affandi,1
658,131,Affandi,A reproduction of art by Affandi,1
659,131,Affandi,A famous artwork by Affandi,1
660,132,Aggi Erguna,Image in the style of Aggi Erguna,1
661,132,Aggi Erguna,Art inspired by Aggi Erguna,1
662,132,Aggi Erguna,Painting in the style of Aggi Erguna,1
663,132,Aggi Erguna,A reproduction of art by Aggi Erguna,1
664,132,Aggi Erguna,A famous artwork by Aggi Erguna,1
665,133,Agnes Cecile,Image in the style of Agnes Cecile,1
666,133,Agnes Cecile,Art inspired by Agnes Cecile,1
667,133,Agnes Cecile,Painting in the style of Agnes Cecile,1
668,133,Agnes Cecile,A reproduction of art by Agnes Cecile,1
669,133,Agnes Cecile,A famous artwork by Agnes Cecile,1
670,134,Agnes Lawrence Pelton,Image in the style of Agnes Lawrence Pelton,1
671,134,Agnes Lawrence Pelton,Art inspired by Agnes Lawrence Pelton,1
672,134,Agnes Lawrence Pelton,Painting in the style of Agnes Lawrence Pelton,1
673,134,Agnes Lawrence Pelton,A reproduction of art by Agnes Lawrence Pelton,1
674,134,Agnes Lawrence Pelton,A famous artwork by Agnes Lawrence Pelton,1
675,135,Agnes Martin,Image in the style of Agnes Martin,1
676,135,Agnes Martin,Art inspired by Agnes Martin,1
677,135,Agnes Martin,Painting in the style of Agnes Martin,1
678,135,Agnes Martin,A reproduction of art by Agnes Martin,1
679,135,Agnes Martin,A famous artwork by Agnes Martin,1
680,136,Agostino Arrivabene,Image in the style of Agostino Arrivabene,1
681,136,Agostino Arrivabene,Art inspired by Agostino Arrivabene,1
682,136,Agostino Arrivabene,Painting in the style of Agostino Arrivabene,1
683,136,Agostino Arrivabene,A reproduction of art by Agostino Arrivabene,1
684,136,Agostino Arrivabene,A famous artwork by Agostino Arrivabene,1
685,137,Agostino Tassi,Image in the style of Agostino Tassi,1
686,137,Agostino Tassi,Art inspired by Agostino Tassi,1
687,137,Agostino Tassi,Painting in the style of Agostino Tassi,1
688,137,Agostino Tassi,A reproduction of art by Agostino Tassi,1
689,137,Agostino Tassi,A famous artwork by Agostino Tassi,1
690,138,Ai Weiwei,Image in the style of Ai Weiwei,1
691,138,Ai Weiwei,Art inspired by Ai Weiwei,1
692,138,Ai Weiwei,Painting in the style of Ai Weiwei,1
693,138,Ai Weiwei,A reproduction of art by Ai Weiwei,1
694,138,Ai Weiwei,A famous artwork by Ai Weiwei,1
695,139,Ai Yazawa,Image in the style of Ai Yazawa,1
696,139,Ai Yazawa,Art inspired by Ai Yazawa,1
697,139,Ai Yazawa,Painting in the style of Ai Yazawa,1
698,139,Ai Yazawa,A reproduction of art by Ai Yazawa,1
699,139,Ai Yazawa,A famous artwork by Ai Yazawa,1
700,140,Akihiko Yoshida,Image in the style of Akihiko Yoshida,1
701,140,Akihiko Yoshida,Art inspired by Akihiko Yoshida,1
702,140,Akihiko Yoshida,Painting in the style of Akihiko Yoshida,1
703,140,Akihiko Yoshida,A reproduction of art by Akihiko Yoshida,1
704,140,Akihiko Yoshida,A famous artwork by Akihiko Yoshida,1
705,141,Akira Toriyama,Image in the style of Akira Toriyama,1
706,141,Akira Toriyama,Art inspired by Akira Toriyama,1
707,141,Akira Toriyama,Painting in the style of Akira Toriyama,1
708,141,Akira Toriyama,A reproduction of art by Akira Toriyama,1
709,141,Akira Toriyama,A famous artwork by Akira Toriyama,1
710,142,Akos Major,Image in the style of Akos Major,1
711,142,Akos Major,Art inspired by Akos Major,1
712,142,Akos Major,Painting in the style of Akos Major,1
713,142,Akos Major,A reproduction of art by Akos Major,1
714,142,Akos Major,A famous artwork by Akos Major,1
715,143,Akseli Gallen-Kallela,Image in the style of Akseli Gallen-Kallela,1
716,143,Akseli Gallen-Kallela,Art inspired by Akseli Gallen-Kallela,1
717,143,Akseli Gallen-Kallela,Painting in the style of Akseli Gallen-Kallela,1
718,143,Akseli Gallen-Kallela,A reproduction of art by Akseli Gallen-Kallela,1
719,143,Akseli Gallen-Kallela,A famous artwork by Akseli Gallen-Kallela,1
720,144,Al Capp,Image in the style of Al Capp,1
721,144,Al Capp,Art inspired by Al Capp,1
722,144,Al Capp,Painting in the style of Al Capp,1
723,144,Al Capp,A reproduction of art by Al Capp,1
724,144,Al Capp,A famous artwork by Al Capp,1
725,145,Al Feldstein,Image in the style of Al Feldstein,1
726,145,Al Feldstein,Art inspired by Al Feldstein,1
727,145,Al Feldstein,Painting in the style of Al Feldstein,1
728,145,Al Feldstein,A reproduction of art by Al Feldstein,1
729,145,Al Feldstein,A famous artwork by Al Feldstein,1
730,146,Al Williamson,Image in the style of Al Williamson,1
731,146,Al Williamson,Art inspired by Al Williamson,1
732,146,Al Williamson,Painting in the style of Al Williamson,1
733,146,Al Williamson,A reproduction of art by Al Williamson,1
734,146,Al Williamson,A famous artwork by Al Williamson,1
735,147,Alain Laboile,Image in the style of Alain Laboile,1
736,147,Alain Laboile,Art inspired by Alain Laboile,1
737,147,Alain Laboile,Painting in the style of Alain Laboile,1
738,147,Alain Laboile,A reproduction of art by Alain Laboile,1
739,147,Alain Laboile,A famous artwork by Alain Laboile,1
740,148,Alan Bean,Image in the style of Alan Bean,1
741,148,Alan Bean,Art inspired by Alan Bean,1
742,148,Alan Bean,Painting in the style of Alan Bean,1
743,148,Alan Bean,A reproduction of art by Alan Bean,1
744,148,Alan Bean,A famous artwork by Alan Bean,1
745,149,Alan Davis,Image in the style of Alan Davis,1
746,149,Alan Davis,Art inspired by Alan Davis,1
747,149,Alan Davis,Painting in the style of Alan Davis,1
748,149,Alan Davis,A reproduction of art by Alan Davis,1
749,149,Alan Davis,A famous artwork by Alan Davis,1
750,150,Alan Kenny,Image in the style of Alan Kenny,1
751,150,Alan Kenny,Art inspired by Alan Kenny,1
752,150,Alan Kenny,Painting in the style of Alan Kenny,1
753,150,Alan Kenny,A reproduction of art by Alan Kenny,1
754,150,Alan Kenny,A famous artwork by Alan Kenny,1
755,151,Alan Lee,Image in the style of Alan Lee,1
756,151,Alan Lee,Art inspired by Alan Lee,1
757,151,Alan Lee,Painting in the style of Alan Lee,1
758,151,Alan Lee,A reproduction of art by Alan Lee,1
759,151,Alan Lee,A famous artwork by Alan Lee,1
760,152,Alan Moore,Image in the style of Alan Moore,1
761,152,Alan Moore,Art inspired by Alan Moore,1
762,152,Alan Moore,Painting in the style of Alan Moore,1
763,152,Alan Moore,A reproduction of art by Alan Moore,1
764,152,Alan Moore,A famous artwork by Alan Moore,1
765,153,Alan Parry,Image in the style of Alan Parry,1
766,153,Alan Parry,Art inspired by Alan Parry,1
767,153,Alan Parry,Painting in the style of Alan Parry,1
768,153,Alan Parry,A reproduction of art by Alan Parry,1
769,153,Alan Parry,A famous artwork by Alan Parry,1
770,154,Alan Schaller,Image in the style of Alan Schaller,1
771,154,Alan Schaller,Art inspired by Alan Schaller,1
772,154,Alan Schaller,Painting in the style of Alan Schaller,1
773,154,Alan Schaller,A reproduction of art by Alan Schaller,1
774,154,Alan Schaller,A famous artwork by Alan Schaller,1
775,155,Alasdair McLellan,Image in the style of Alasdair McLellan,1
776,155,Alasdair McLellan,Art inspired by Alasdair McLellan,1
777,155,Alasdair McLellan,Painting in the style of Alasdair McLellan,1
778,155,Alasdair McLellan,A reproduction of art by Alasdair McLellan,1
779,155,Alasdair McLellan,A famous artwork by Alasdair McLellan,1
780,156,Alastair Magnaldo,Image in the style of Alastair Magnaldo,1
781,156,Alastair Magnaldo,Art inspired by Alastair Magnaldo,1
782,156,Alastair Magnaldo,Painting in the style of Alastair Magnaldo,1
783,156,Alastair Magnaldo,A reproduction of art by Alastair Magnaldo,1
784,156,Alastair Magnaldo,A famous artwork by Alastair Magnaldo,1
785,157,Alayna Lemmer,Image in the style of Alayna Lemmer,1
786,157,Alayna Lemmer,Art inspired by Alayna Lemmer,1
787,157,Alayna Lemmer,Painting in the style of Alayna Lemmer,1
788,157,Alayna Lemmer,A reproduction of art by Alayna Lemmer,1
789,157,Alayna Lemmer,A famous artwork by Alayna Lemmer,1
790,158,Albert Benois,Image in the style of Albert Benois,1
791,158,Albert Benois,Art inspired by Albert Benois,1
792,158,Albert Benois,Painting in the style of Albert Benois,1
793,158,Albert Benois,A reproduction of art by Albert Benois,1
794,158,Albert Benois,A famous artwork by Albert Benois,1
795,159,Albert Bierstadt,Image in the style of Albert Bierstadt,1
796,159,Albert Bierstadt,Art inspired by Albert Bierstadt,1
797,159,Albert Bierstadt,Painting in the style of Albert Bierstadt,1
798,159,Albert Bierstadt,A reproduction of art by Albert Bierstadt,1
799,159,Albert Bierstadt,A famous artwork by Albert Bierstadt,1
800,160,Albert Bloch,Image in the style of Albert Bloch,1
801,160,Albert Bloch,Art inspired by Albert Bloch,1
802,160,Albert Bloch,Painting in the style of Albert Bloch,1
803,160,Albert Bloch,A reproduction of art by Albert Bloch,1
804,160,Albert Bloch,A famous artwork by Albert Bloch,1
805,161,Albert Dubois-Pillet,Image in the style of Albert Dubois-Pillet,1
806,161,Albert Dubois-Pillet,Art inspired by Albert Dubois-Pillet,1
807,161,Albert Dubois-Pillet,Painting in the style of Albert Dubois-Pillet,1
808,161,Albert Dubois-Pillet,A reproduction of art by Albert Dubois-Pillet,1
809,161,Albert Dubois-Pillet,A famous artwork by Albert Dubois-Pillet,1
810,162,Albert Eckhout,Image in the style of Albert Eckhout,1
811,162,Albert Eckhout,Art inspired by Albert Eckhout,1
812,162,Albert Eckhout,Painting in the style of Albert Eckhout,1
813,162,Albert Eckhout,A reproduction of art by Albert Eckhout,1
814,162,Albert Eckhout,A famous artwork by Albert Eckhout,1
815,163,Albert Edelfelt,Image in the style of Albert Edelfelt,1
816,163,Albert Edelfelt,Art inspired by Albert Edelfelt,1
817,163,Albert Edelfelt,Painting in the style of Albert Edelfelt,1
818,163,Albert Edelfelt,A reproduction of art by Albert Edelfelt,1
819,163,Albert Edelfelt,A famous artwork by Albert Edelfelt,1
820,164,Albert Gleizes,Image in the style of Albert Gleizes,1
821,164,Albert Gleizes,Art inspired by Albert Gleizes,1
822,164,Albert Gleizes,Painting in the style of Albert Gleizes,1
823,164,Albert Gleizes,A reproduction of art by Albert Gleizes,1
824,164,Albert Gleizes,A famous artwork by Albert Gleizes,1
825,165,Albert Goodwin,Image in the style of Albert Goodwin,1
826,165,Albert Goodwin,Art inspired by Albert Goodwin,1
827,165,Albert Goodwin,Painting in the style of Albert Goodwin,1
828,165,Albert Goodwin,A reproduction of art by Albert Goodwin,1
829,165,Albert Goodwin,A famous artwork by Albert Goodwin,1
830,166,Albert Joseph Moore,Image in the style of Albert Joseph Moore,1
831,166,Albert Joseph Moore,Art inspired by Albert Joseph Moore,1
832,166,Albert Joseph Moore,Painting in the style of Albert Joseph Moore,1
833,166,Albert Joseph Moore,A reproduction of art by Albert Joseph Moore,1
834,166,Albert Joseph Moore,A famous artwork by Albert Joseph Moore,1
835,167,Albert Koetsier,Image in the style of Albert Koetsier,1
836,167,Albert Koetsier,Art inspired by Albert Koetsier,1
837,167,Albert Koetsier,Painting in the style of Albert Koetsier,1
838,167,Albert Koetsier,A reproduction of art by Albert Koetsier,1
839,167,Albert Koetsier,A famous artwork by Albert Koetsier,1
840,168,Albert Kotin,Image in the style of Albert Kotin,1
841,168,Albert Kotin,Art inspired by Albert Kotin,1
842,168,Albert Kotin,Painting in the style of Albert Kotin,1
843,168,Albert Kotin,A reproduction of art by Albert Kotin,1
844,168,Albert Kotin,A famous artwork by Albert Kotin,1
845,169,Albert Lynch,Image in the style of Albert Lynch,1
846,169,Albert Lynch,Art inspired by Albert Lynch,1
847,169,Albert Lynch,Painting in the style of Albert Lynch,1
848,169,Albert Lynch,A reproduction of art by Albert Lynch,1
849,169,Albert Lynch,A famous artwork by Albert Lynch,1
850,170,Albert Marquet,Image in the style of Albert Marquet,1
851,170,Albert Marquet,Art inspired by Albert Marquet,1
852,170,Albert Marquet,Painting in the style of Albert Marquet,1
853,170,Albert Marquet,A reproduction of art by Albert Marquet,1
854,170,Albert Marquet,A famous artwork by Albert Marquet,1
855,171,Albert Pinkham Ryder,Image in the style of Albert Pinkham Ryder,1
856,171,Albert Pinkham Ryder,Art inspired by Albert Pinkham Ryder,1
857,171,Albert Pinkham Ryder,Painting in the style of Albert Pinkham Ryder,1
858,171,Albert Pinkham Ryder,A reproduction of art by Albert Pinkham Ryder,1
859,171,Albert Pinkham Ryder,A famous artwork by Albert Pinkham Ryder,1
860,172,Albert Robida,Image in the style of Albert Robida,1
861,172,Albert Robida,Art inspired by Albert Robida,1
862,172,Albert Robida,Painting in the style of Albert Robida,1
863,172,Albert Robida,A reproduction of art by Albert Robida,1
864,172,Albert Robida,A famous artwork by Albert Robida,1
865,173,Albert Servaes,Image in the style of Albert Servaes,1
866,173,Albert Servaes,Art inspired by Albert Servaes,1
867,173,Albert Servaes,Painting in the style of Albert Servaes,1
868,173,Albert Servaes,A reproduction of art by Albert Servaes,1
869,173,Albert Servaes,A famous artwork by Albert Servaes,1
870,174,Albert Tucker,Image in the style of Albert Tucker,1
871,174,Albert Tucker,Art inspired by Albert Tucker,1
872,174,Albert Tucker,Painting in the style of Albert Tucker,1
873,174,Albert Tucker,A reproduction of art by Albert Tucker,1
874,174,Albert Tucker,A famous artwork by Albert Tucker,1
875,175,Albert Watson,Image in the style of Albert Watson,1
876,175,Albert Watson,Art inspired by Albert Watson,1
877,175,Albert Watson,Painting in the style of Albert Watson,1
878,175,Albert Watson,A reproduction of art by Albert Watson,1
879,175,Albert Watson,A famous artwork by Albert Watson,1
880,176,Alberto Biasi,Image in the style of Alberto Biasi,1
881,176,Alberto Biasi,Art inspired by Alberto Biasi,1
882,176,Alberto Biasi,Painting in the style of Alberto Biasi,1
883,176,Alberto Biasi,A reproduction of art by Alberto Biasi,1
884,176,Alberto Biasi,A famous artwork by Alberto Biasi,1
885,177,Alberto Burri,Image in the style of Alberto Burri,1
886,177,Alberto Burri,Art inspired by Alberto Burri,1
887,177,Alberto Burri,Painting in the style of Alberto Burri,1
888,177,Alberto Burri,A reproduction of art by Alberto Burri,1
889,177,Alberto Burri,A famous artwork by Alberto Burri,1
890,178,Alberto Giacometti,Image in the style of Alberto Giacometti,1
891,178,Alberto Giacometti,Art inspired by Alberto Giacometti,1
892,178,Alberto Giacometti,Painting in the style of Alberto Giacometti,1
893,178,Alberto Giacometti,A reproduction of art by Alberto Giacometti,1
894,178,Alberto Giacometti,A famous artwork by Alberto Giacometti,1
895,179,Alberto Magnelli,Image in the style of Alberto Magnelli,1
896,179,Alberto Magnelli,Art inspired by Alberto Magnelli,1
897,179,Alberto Magnelli,Painting in the style of Alberto Magnelli,1
898,179,Alberto Magnelli,A reproduction of art by Alberto Magnelli,1
899,179,Alberto Magnelli,A famous artwork by Alberto Magnelli,1
900,180,Alberto Seveso,Image in the style of Alberto Seveso,1
901,180,Alberto Seveso,Art inspired by Alberto Seveso,1
902,180,Alberto Seveso,Painting in the style of Alberto Seveso,1
903,180,Alberto Seveso,A reproduction of art by Alberto Seveso,1
904,180,Alberto Seveso,A famous artwork by Alberto Seveso,1
905,181,Alberto Sughi,Image in the style of Alberto Sughi,1
906,181,Alberto Sughi,Art inspired by Alberto Sughi,1
907,181,Alberto Sughi,Painting in the style of Alberto Sughi,1
908,181,Alberto Sughi,A reproduction of art by Alberto Sughi,1
909,181,Alberto Sughi,A famous artwork by Alberto Sughi,1
910,182,Alberto Vargas,Image in the style of Alberto Vargas,1
911,182,Alberto Vargas,Art inspired by Alberto Vargas,1
912,182,Alberto Vargas,Painting in the style of Alberto Vargas,1
913,182,Alberto Vargas,A reproduction of art by Alberto Vargas,1
914,182,Alberto Vargas,A famous artwork by Alberto Vargas,1
915,183,Albrecht Anker,Image in the style of Albrecht Anker,1
916,183,Albrecht Anker,Art inspired by Albrecht Anker,1
917,183,Albrecht Anker,Painting in the style of Albrecht Anker,1
918,183,Albrecht Anker,A reproduction of art by Albrecht Anker,1
919,183,Albrecht Anker,A famous artwork by Albrecht Anker,1
920,184,Albrecht Durer,Image in the style of Albrecht Durer,1
921,184,Albrecht Durer,Art inspired by Albrecht Durer,1
922,184,Albrecht Durer,Painting in the style of Albrecht Durer,1
923,184,Albrecht Durer,A reproduction of art by Albrecht Durer,1
924,184,Albrecht Durer,A famous artwork by Albrecht Durer,1
925,185,Alec Soth,Image in the style of Alec Soth,1
926,185,Alec Soth,Art inspired by Alec Soth,1
927,185,Alec Soth,Painting in the style of Alec Soth,1
928,185,Alec Soth,A reproduction of art by Alec Soth,1
929,185,Alec Soth,A famous artwork by Alec Soth,1
930,186,Alejandro Burdisio,Image in the style of Alejandro Burdisio,1
931,186,Alejandro Burdisio,Art inspired by Alejandro Burdisio,1
932,186,Alejandro Burdisio,Painting in the style of Alejandro Burdisio,1
933,186,Alejandro Burdisio,A reproduction of art by Alejandro Burdisio,1
934,186,Alejandro Burdisio,A famous artwork by Alejandro Burdisio,1
935,187,Alejandro Jodorowsky,Image in the style of Alejandro Jodorowsky,1
936,187,Alejandro Jodorowsky,Art inspired by Alejandro Jodorowsky,1
937,187,Alejandro Jodorowsky,Painting in the style of Alejandro Jodorowsky,1
938,187,Alejandro Jodorowsky,A reproduction of art by Alejandro Jodorowsky,1
939,187,Alejandro Jodorowsky,A famous artwork by Alejandro Jodorowsky,1
940,188,Aleksey Savrasov,Image in the style of Aleksey Savrasov,1
941,188,Aleksey Savrasov,Art inspired by Aleksey Savrasov,1
942,188,Aleksey Savrasov,Painting in the style of Aleksey Savrasov,1
943,188,Aleksey Savrasov,A reproduction of art by Aleksey Savrasov,1
944,188,Aleksey Savrasov,A famous artwork by Aleksey Savrasov,1
945,189,Aleksi Briclot,Image in the style of Aleksi Briclot,1
946,189,Aleksi Briclot,Art inspired by Aleksi Briclot,1
947,189,Aleksi Briclot,Painting in the style of Aleksi Briclot,1
948,189,Aleksi Briclot,A reproduction of art by Aleksi Briclot,1
949,189,Aleksi Briclot,A famous artwork by Aleksi Briclot,1
950,190,Alena Aenami,Image in the style of Alena Aenami,1
951,190,Alena Aenami,Art inspired by Alena Aenami,1
952,190,Alena Aenami,Painting in the style of Alena Aenami,1
953,190,Alena Aenami,A reproduction of art by Alena Aenami,1
954,190,Alena Aenami,A famous artwork by Alena Aenami,1
955,191,Alessandro Allori,Image in the style of Alessandro Allori,1
956,191,Alessandro Allori,Art inspired by Alessandro Allori,1
957,191,Alessandro Allori,Painting in the style of Alessandro Allori,1
958,191,Alessandro Allori,A reproduction of art by Alessandro Allori,1
959,191,Alessandro Allori,A famous artwork by Alessandro Allori,1
960,192,Alessandro Barbucci,Image in the style of Alessandro Barbucci,1
961,192,Alessandro Barbucci,Art inspired by Alessandro Barbucci,1
962,192,Alessandro Barbucci,Painting in the style of Alessandro Barbucci,1
963,192,Alessandro Barbucci,A reproduction of art by Alessandro Barbucci,1
964,192,Alessandro Barbucci,A famous artwork by Alessandro Barbucci,1
965,193,Alessandro Gottardo,Image in the style of Alessandro Gottardo,1
966,193,Alessandro Gottardo,Art inspired by Alessandro Gottardo,1
967,193,Alessandro Gottardo,Painting in the style of Alessandro Gottardo,1
968,193,Alessandro Gottardo,A reproduction of art by Alessandro Gottardo,1
969,193,Alessandro Gottardo,A famous artwork by Alessandro Gottardo,1
970,194,Alessio Albi,Image in the style of Alessio Albi,1
971,194,Alessio Albi,Art inspired by Alessio Albi,1
972,194,Alessio Albi,Painting in the style of Alessio Albi,1
973,194,Alessio Albi,A reproduction of art by Alessio Albi,1
974,194,Alessio Albi,A famous artwork by Alessio Albi,1
975,195,Alex Alemany,Image in the style of Alex Alemany,1
976,195,Alex Alemany,Art inspired by Alex Alemany,1
977,195,Alex Alemany,Painting in the style of Alex Alemany,1
978,195,Alex Alemany,A reproduction of art by Alex Alemany,1
979,195,Alex Alemany,A famous artwork by Alex Alemany,1
980,196,Alex Andreev,Image in the style of Alex Andreev,1
981,196,Alex Andreev,Art inspired by Alex Andreev,1
982,196,Alex Andreev,Painting in the style of Alex Andreev,1
983,196,Alex Andreev,A reproduction of art by Alex Andreev,1
984,196,Alex Andreev,A famous artwork by Alex Andreev,1
985,197,Alex Colville,Image in the style of Alex Colville,1
986,197,Alex Colville,Art inspired by Alex Colville,1
987,197,Alex Colville,Painting in the style of Alex Colville,1
988,197,Alex Colville,A reproduction of art by Alex Colville,1
989,197,Alex Colville,A famous artwork by Alex Colville,1
990,198,Alex Figini,Image in the style of Alex Figini,1
991,198,Alex Figini,Art inspired by Alex Figini,1
992,198,Alex Figini,Painting in the style of Alex Figini,1
993,198,Alex Figini,A reproduction of art by Alex Figini,1
994,198,Alex Figini,A famous artwork by Alex Figini,1
995,199,Alex Garant,Image in the style of Alex Garant,1
996,199,Alex Garant,Art inspired by Alex Garant,1
997,199,Alex Garant,Painting in the style of Alex Garant,1
998,199,Alex Garant,A reproduction of art by Alex Garant,1
999,199,Alex Garant,A famous artwork by Alex Garant,1
